{
  "数据概况": {
    "样本总量": 1000,
    "经度范围": [
      116.11679,
      122.109368
    ],
    "纬度范围": [
      34.531292,
      37.495146
    ],
    "情绪值范围": [
      1.0,
      7.0
    ]
  },
  "情绪分布统计": {
    "平均值": 4.0,
    "中位数": 4.0,
    "标准差": 1.9798787639448836,
    "偏度": 0.008529667729059155,
    "峰度": -1.233755900073851
  },
  "空间聚类分析": {
    "聚类0": {
      "平均值": 3.907,
      "标准差": 2.005,
      "样本数": 150
    },
    "聚类1": {
      "平均值": 4.147,
      "标准差": 2.005,
      "样本数": 414
    },
    "聚类2": {
      "平均值": 3.895,
      "标准差": 1.914,
      "样本数": 228
    },
    "聚类3": {
      "平均值": 3.798,
      "标准差": 1.974,
      "样本数": 84
    },
    "聚类4": {
      "平均值": 3.952,
      "标准差": 1.987,
      "样本数": 124
    }
  },
  "区域模式分析": {
    "区域(35.0,118.2)": {
      "平均情绪值": 4.285714285714286,
      "样本数量": 7
    },
    "区域(35.0,118.4)": {
      "平均情绪值": 3.3333333333333335,
      "样本数量": 9
    },
    "区域(35.0,118.6)": {
      "平均情绪值": 3.857142857142857,
      "样本数量": 7
    },
    "区域(35.0,118.7)": {
      "平均情绪值": 3.6666666666666665,
      "样本数量": 6
    },
    "区域(35.1,118.6)": {
      "平均情绪值": 4.444444444444445,
      "样本数量": 9
    },
    "区域(35.2,118.3)": {
      "平均情绪值": 5.166666666666667,
      "样本数量": 6
    },
    "区域(35.2,118.5)": {
      "平均情绪值": 4.0,
      "样本数量": 6
    },
    "区域(35.3,116.6)": {
      "平均情绪值": 4.333333333333333,
      "样本数量": 6
    },
    "区域(35.3,118.5)": {
      "平均情绪值": 3.3333333333333335,
      "样本数量": 6
    },
    "区域(35.4,116.6)": {
      "平均情绪值": 4.428571428571429,
      "样本数量": 7
    },
    "区域(35.4,116.7)": {
      "平均情绪值": 3.5,
      "样本数量": 6
    },
    "区域(35.5,116.5)": {
      "平均情绪值": 4.166666666666667,
      "样本数量": 6
    },
    "区域(35.8,120.2)": {
      "平均情绪值": 4.375,
      "样本数量": 8
    },
    "区域(35.8,120.3)": {
      "平均情绪值": 4.333333333333333,
      "样本数量": 6
    },
    "区域(35.8,120.4)": {
      "平均情绪值": 3.8333333333333335,
      "样本数量": 6
    },
    "区域(35.9,120.2)": {
      "平均情绪值": 4.875,
      "样本数量": 8
    },
    "区域(36.0,120.2)": {
      "平均情绪值": 4.888888888888889,
      "样本数量": 9
    },
    "区域(36.0,120.3)": {
      "平均情绪值": 4.416666666666667,
      "样本数量": 12
    },
    "区域(36.0,120.4)": {
      "平均情绪值": 3.272727272727273,
      "样本数量": 11
    },
    "区域(36.0,120.5)": {
      "平均情绪值": 3.3636363636363638,
      "样本数量": 11
    },
    "区域(36.0,120.6)": {
      "平均情绪值": 4.333333333333333,
      "样本数量": 6
    },
    "区域(36.1,120.5)": {
      "平均情绪值": 4.545454545454546,
      "样本数量": 11
    },
    "区域(36.1,120.6)": {
      "平均情绪值": 2.5,
      "样本数量": 6
    },
    "区域(36.2,120.3)": {
      "平均情绪值": 3.8461538461538463,
      "样本数量": 13
    },
    "区域(36.2,120.4)": {
      "平均情绪值": 4.0,
      "样本数量": 12
    },
    "区域(36.2,120.5)": {
      "平均情绪值": 4.384615384615385,
      "样本数量": 13
    },
    "区域(36.2,120.6)": {
      "平均情绪值": 3.7,
      "样本数量": 10
    },
    "区域(36.3,120.3)": {
      "平均情绪值": 3.875,
      "样本数量": 8
    },
    "区域(36.3,120.4)": {
      "平均情绪值": 5.111111111111111,
      "样本数量": 9
    },
    "区域(36.3,120.5)": {
      "平均情绪值": 3.2222222222222223,
      "样本数量": 9
    },
    "区域(36.3,120.6)": {
      "平均情绪值": 4.666666666666667,
      "样本数量": 6
    },
    "区域(36.4,120.3)": {
      "平均情绪值": 2.6666666666666665,
      "样本数量": 6
    },
    "区域(36.4,120.4)": {
      "平均情绪值": 4.857142857142857,
      "样本数量": 7
    },
    "区域(36.5,116.7)": {
      "平均情绪值": 4.0,
      "样本数量": 7
    },
    "区域(36.5,116.8)": {
      "平均情绪值": 4.666666666666667,
      "样本数量": 6
    },
    "区域(36.6,116.8)": {
      "平均情绪值": 3.4,
      "样本数量": 10
    },
    "区域(36.6,117.0)": {
      "平均情绪值": 3.5,
      "样本数量": 8
    },
    "区域(36.7,116.8)": {
      "平均情绪值": 3.1666666666666665,
      "样本数量": 6
    },
    "区域(36.7,116.9)": {
      "平均情绪值": 3.9,
      "样本数量": 10
    },
    "区域(36.7,117.0)": {
      "平均情绪值": 4.545454545454546,
      "样本数量": 11
    },
    "区域(36.7,117.1)": {
      "平均情绪值": 5.375,
      "样本数量": 8
    },
    "区域(36.8,116.9)": {
      "平均情绪值": 4.375,
      "样本数量": 8
    },
    "区域(36.8,117.0)": {
      "平均情绪值": 3.888888888888889,
      "样本数量": 9
    },
    "区域(36.8,117.1)": {
      "平均情绪值": 3.8181818181818183,
      "样本数量": 11
    },
    "区域(37.3,121.7)": {
      "平均情绪值": 4.5,
      "样本数量": 6
    },
    "区域(37.4,121.4)": {
      "平均情绪值": 3.6666666666666665,
      "样本数量": 6
    }
  },
  "相关性分析": {
    "经度相关性": 0.027897074404466225,
    "纬度相关性": 0.008178387343270309
  }
}